"V","Ib","Ie"
0.001,-2.042e-07,-2.3e-08
0.00100856216636,-5e-08,-5e-10
0.00101719764341,-1.92e-08,-5e-10
0.00102590705885,-1.39e-08,-7e-10
0.00103469104576,-1.13e-08,-3e-10
0.00104355024262,-9.4e-09,-4e-10
0.0010524852934,-8.7e-09,-9e-10
0.00106149684757,-7.4e-09,-4e-10
0.00107058556017,-6.9e-09,-4e-10
0.00107975209184,-6.3e-09,-4e-10
0.00108899710887,-5.8e-09,-7e-10
0.00109832128328,-5.3e-09,-2e-10
0.00110772529283,-5.3e-09,-5e-10
0.00111720982106,-4.7e-09,-6e-10
0.00112677555741,-4.4e-09,-5e-10
0.00113642319718,-4.3e-09,-5e-10
0.00114615344165,-4.1e-09,-5e-10
0.00115596699809,-3.9e-09,-6e-10
0.00116586457983,-3.7e-09,-7e-10
0.00117584690631,-3.7e-09,-6e-10
0.00118591470314,-3.7e-09,-7e-10
0.00119606870211,-3.4e-09,-4e-10
0.00120630964132,-3.3e-09,-4e-10
0.00121663826515,-3.1e-09,-7e-10
0.00122705532437,-3.1e-09,-6e-10
0.00123756157619,-3.1e-09,-4e-10
0.00124815778428,-2.9e-09,-5e-10
0.00125884471887,-2.8e-09,-5e-10
0.00126962315677,-2.7e-09,-4e-10
0.00128049388146,-2.6e-09,-7e-10
0.00129145768309,-2.4e-09,-7e-10
0.00130251535862,-2.6e-09,-6e-10
0.0013136677118,-2.5e-09,-7e-10
0.00132491555329,-2.4e-09,-2e-10
0.00133625970067,-2.3e-09,-5e-10
0.00134770097852,-2.5e-09,-6e-10
0.0013592402185,-2.7e-09,-6e-10
0.00137087825937,-2.3e-09,-5e-10
0.00138261594709,-2.2e-09,-7e-10
0.00139445413484,-2.1e-09,-3e-10
0.00140639368312,-2.3e-09,-4e-10
0.0014184354598,-2.2e-09,-5e-10
0.00143058034017,-2.1e-09,-5e-10
0.00144282920704,-2.3e-09,-6e-10
0.00145518295073,-2.1e-09,-8e-10
0.00146764246924,-1.8e-09,-5e-10
0.00148020866822,-1.9e-09,-6e-10
0.00149288246108,-2.1e-09,-6e-10
0.00150566476906,-2e-09,-4e-10
0.0015185565213,-1.8e-09,-7e-10
0.00153155865486,-2.1e-09,-5e-10
0.00154467211485,-1.9e-09,-3e-10
0.00155789785446,-1.9e-09,-2e-10
0.00157123683506,-1.9e-09,-5e-10
0.00158469002623,-1.9e-09,-6e-10
0.00159825840586,-1.9e-09,-4e-10
0.00161194296022,-1.8e-09,-6e-10
0.001625744684,-2e-09,-4e-10
0.00163966458044,-1.9e-09,-7e-10
0.00165370366135,-1.7e-09,-6e-10
0.00166786294721,-1.8e-09,-5e-10
0.00168214346723,-1.8e-09,-5e-10
0.00169654625943,-1.7e-09,-6e-10
0.00171107237074,-1.8e-09,-7e-10
0.00172572285703,-1.8e-09,-6e-10
0.00174049878322,-1.8e-09,-5e-10
0.00175540122335,-1.7e-09,-5e-10
0.00177043126065,-1.6e-09,-7e-10
0.00178558998763,-1.6e-09,-6e-10
0.00180087850615,-1.5e-09,-3e-10
0.00181629792751,-1.7e-09,-6e-10
0.00183184937252,-1.6e-09,-4e-10
0.00184753397159,-1.8e-09,-6e-10
0.00186335286481,-1.6e-09,-7e-10
0.00187930720202,-1.8e-09,-5e-10
0.00189539814293,-1.7e-09,-4e-10
0.00191162685714,-1.4e-09,-5e-10
0.00192799452431,-1.6e-09,-6e-10
0.00194450233416,-1.5e-09,-5e-10
0.00196115148663,-1.4e-09,-7e-10
0.00197794319192,-1.8e-09,-6e-10
0.00199487867057,-1.6e-09,-3e-10
0.00201195915361,-1.5e-09,-6e-10
0.00202918588259,-1.7e-09,-4e-10
0.00204656010969,-1.5e-09,-4e-10
0.00206408309781,-1.5e-09,-6e-10
0.00208175612068,-1.4e-09,-4e-10
0.0020995804629,-1.1e-09,-5e-10
0.0021175574201,-1.7e-09,-4e-10
0.00213568829901,-1.3e-09,-6e-10
0.00215397441751,-1.4e-09,-6e-10
0.00217241710481,-1.5e-09,-7e-10
0.00219101770146,-1.5e-09,-5e-10
0.00220977755951,-1.5e-09,-6e-10
0.00222869804259,-1.5e-09,-7e-10
0.002247780526,-1.5e-09,-6e-10
0.0022670263968,-1.5e-09,-5e-10
0.00228643705395,-1.2e-09,-7e-10
0.00230601390837,-1.4e-09,-6e-10
0.00232575838308,-1.3e-09,-7e-10
0.00234567191326,-1.3e-09,-7e-10
0.00236575594641,-1.4e-09,-3e-10
0.00238601194238,-1.5e-09,-3e-10
0.00240644137357,-1.2e-09,-5e-10
0.00242704572494,-1.3e-09,-3e-10
0.0024478264942,-1.2e-09,-6e-10
0.00246878519186,-1.3e-09,-2e-10
0.00248992334137,-1.4e-09,-4e-10
0.00251124247924,-1.5e-09,-5e-10
0.00253274415511,-1.3e-09,-7e-10
0.00255442993191,-1.2e-09,-5e-10
0.00257630138594,-1.3e-09,-5e-10
0.002598360107,-1.4e-09,-2e-10
0.00262060769849,-1.3e-09,-3e-10
0.00264304577757,-1.4e-09,-7e-10
0.00266567597521,-1.2e-09,-5e-10
0.00268849993636,-1.3e-09,-6e-10
0.00271151932007,-1.2e-09,-4e-10
0.00273473579958,-1.1e-09,-6e-10
0.00275815106244,-9e-10,-7e-10
0.00278176681068,-1.3e-09,-3e-10
0.00280558476088,-1.2e-09,-4e-10
0.00282960664434,-1.5e-09,-9e-10
0.00285383420715,-1.2e-09,-6e-10
0.00287826921039,-1.3e-09,-2e-10
0.0029029134302,-1.3e-09,-6e-10
0.00292776865791,-1.4e-09,-6e-10
0.00295283670022,-1.1e-09,-7e-10
0.00297811937927,-1e-09,-7e-10
0.00300361853284,-1.1e-09,-2e-10
0.00302933601439,-9e-10,-5e-10
0.0030552736933,-1e-09,-4e-10
0.00308143345493,-1.3e-09,-3e-10
0.0031078172008,-1.3e-09,-7e-10
0.00313442684868,-1.1e-09,-6e-10
0.0031612643328,-1.2e-09,-5e-10
0.00318833160392,-1.4e-09,-6e-10
0.00321563062952,-1.2e-09,-8e-10
0.00324316339391,-1.5e-09,-3e-10
0.00327093189842,-1.3e-09,-7e-10
0.00329893816148,-1.2e-09,-8e-10
0.00332718421883,-1e-09,-5e-10
0.00335567212361,-1.2e-09,-2e-10
0.00338440394658,-1.1e-09,-6e-10
0.00341338177619,-1.2e-09,-6e-10
0.00344260771881,-9e-10,-4e-10
0.0034720838988,-1.3e-09,-7e-10
0.00350181245875,-8e-10,-2e-10
0.00353179555958,-1.3e-09,-4e-10
0.00356203538071,-1.1e-09,-6e-10
0.00359253412021,-1.1e-09,-2e-10
0.003623293995,-1.1e-09,-3e-10
0.00365431724095,-1.2e-09,-5e-10
0.00368560611309,-1.3e-09,-3e-10
0.00371716288576,-1.2e-09,-9e-10
0.00374898985277,-1e-09,-6e-10
0.00378108932757,-9e-10,-5e-10
0.0038134636434,-1e-09,-5e-10
0.00384611515352,-1e-09,-5e-10
0.0038790462313,-1e-09,-5e-10
0.00391225927044,-1.1e-09,-9e-10
0.00394575668515,-9e-10,-4e-10
0.0039795409103,-1e-09,-5e-10
0.00401361440161,-1.2e-09,-6e-10
0.00404797963581,-1.1e-09,-5e-10
0.00408263911087,-1.1e-09,-6e-10
0.00411759534612,-1e-09,-6e-10
0.00415285088247,-9e-10,-8e-10
0.00418840828258,-1e-09,-5e-10
0.00422427013108,-1.2e-09,-8e-10
0.00426043903468,-1.3e-09,-1e-09
0.00429691762246,-1.1e-09,-6e-10
0.00433370854597,-1e-09,-3e-10
0.00437081447949,-1.2e-09,-6e-10
0.00440823812018,-8e-10,-6e-10
0.00444598218832,-9e-10,-5e-10
0.00448404942744,-8e-10,-6e-10
0.0045224426046,-1.1e-09,-3e-10
0.00456116451052,-7e-10,-7e-10
0.00460021795985,-1.3e-09,-6e-10
0.00463960579131,-9e-10,-7e-10
0.00467933086793,-1.1e-09,-5e-10
0.00471939607727,-1e-09,-6e-10
0.00475980433159,-9e-10,-4e-10
0.00480055856811,-1e-09,-4e-10
0.00484166174918,-1e-09,-4e-10
0.00488311686253,-1e-09,-5e-10
0.00492492692146,-8e-10,-4e-10
0.00496709496506,-1.1e-09,-6e-10
0.00500962405847,-1.1e-09,-6e-10
0.00505251729305,-1.1e-09,-5e-10
0.00509577778664,-1e-09,-5e-10
0.00513940868378,-8e-10,-6e-10
0.00518341315591,-9e-10,-5e-10
0.00522779440166,-1.2e-09,-6e-10
0.00527255564701,-9e-10,-4e-10
0.0053177001456,-9e-10,-6e-10
0.00536323117889,-1e-09,-5e-10
0.00540915205646,-1e-09,-8e-10
0.00545546611622,-9e-10,-4e-10
0.00550217672467,-8e-10,-6e-10
0.00554928727712,-8e-10,-6e-10
0.00559680119796,-1.3e-09,-6e-10
0.00564472194089,-1e-09,-6e-10
0.0056930529892,-1.1e-09,1e-10
0.00574179785598,-1.2e-09,-9e-10
0.00579096008442,-7e-10,-5e-10
0.00584054324803,-9e-10,-7e-10
0.00589055095095,-1e-09,-7e-10
0.00594098682813,-8e-10,-6e-10
0.00599185454569,-1e-09,-4e-10
0.0060431578011,-9e-10,-5e-10
0.00609490032353,-9e-10,-6e-10
0.00614708587403,-1.1e-09,-5e-10
0.00619971824591,-1.1e-09,-4e-10
0.0062528012649,-9e-10,-5e-10
0.00630633878954,-8e-10,-7e-10
0.00636033471137,-1e-09,-4e-10
0.00641479295526,-9e-10,-5e-10
0.0064697174797,-1e-09,-4e-10
0.00652511227705,-7e-10,-2e-10
0.00658098137388,-1e-09,-5e-10
0.0066373288312,-1.3e-09,-5e-10
0.00669415874483,-1e-09,-6e-10
0.00675147524563,-9e-10,-6e-10
0.00680928249985,-9e-10,-7e-10
0.00686758470939,-1.1e-09,-7e-10
0.00692638611216,-1e-09,-4e-10
0.00698569098231,-9e-10,-7e-10
0.00704550363063,-1e-09,-6e-10
0.00710582840479,-9e-10,-7e-10
0.00716666968971,-1.1e-09,-3e-10
0.00722803190783,-1e-09,-6e-10
0.00728991951947,-7e-10,-4e-10
0.00735233702313,-9e-10,-4e-10
0.00741528895585,-9e-10,-6e-10
0.00747877989348,-8e-10,-4e-10
0.00754281445109,-9e-10,-7e-10
0.00760739728323,-1e-09,-7e-10
0.00767253308432,-9e-10,-5e-10
0.00773822658898,-1.1e-09,-7e-10
0.00780448257236,-8e-10,-4e-10
0.00787130585048,-1.1e-09,-4e-10
0.00793870128063,-1.2e-09,-5e-10
0.00800667376167,-1.3e-09,-7e-10
0.00807522823439,-1.1e-09,-6e-10
0.00814436968191,-1e-09,-6e-10
0.00821410313002,-8e-10,-4e-10
0.0082844336475,-9e-10,-7e-10
0.00835536634657,-1e-09,-7e-10
0.00842690638322,-7e-10,-3e-10
0.00849905895756,-8e-10,-6e-10
0.00857182931424,-1e-09,-4e-10
0.00864522274283,-9e-10,-5e-10
0.00871924457816,-9e-10,-6e-10
0.00879390020076,-8e-10,-8e-10
0.00886919503721,-1e-09,-6e-10
0.00894513456059,-9e-10,-2e-10
0.00902172429079,-1.1e-09,-5e-10
0.00909896979501,-8e-10,-6e-10
0.00917687668808,-8e-10,-4e-10
0.00925545063294,-6e-10,-4e-10
0.00933469734098,-8e-10,-6e-10
0.00941462257252,-1e-09,-1e-10
0.00949523213719,-8e-10,-1e-09
0.00957653189436,-1.1e-09,-4e-10
0.00965852775357,-9e-10,-3e-10
0.00974122567498,-8e-10,-5e-10
0.00982463166974,-7e-10,-6e-10
0.00990875180051,-9e-10,-3e-10
0.00999359218183,-9e-10,-6e-10
0.0100791589806,-1e-09,-5e-10
0.0101654584165,-6e-10,-6e-10
0.0102524967626,-5e-10,-6e-10
0.0103402803455,-8e-10,-7e-10
0.010428815546,-1.1e-09,-7e-10
0.0105181087996,-8e-10,-3e-10
0.0106081665969,-9e-10,-6e-10
0.0106989954841,-9e-10,-5e-10
0.0107906020633,-7e-10,-9e-10
0.0108829929933,-7e-10,-7e-10
0.0109761749898,-9e-10,-7e-10
0.011070154826,-9e-10,-5e-10
0.0111649393332,-1.1e-09,-5e-10
0.0112605354012,-6e-10,-9e-10
0.0113569499786,-1.1e-09,-5e-10
0.0114541900736,-8e-10,-4e-10
0.0115522627545,-1.1e-09,-4e-10
0.0116511751501,-9e-10,-8e-10
0.01175093445,-9e-10,-6e-10
0.0118515479056,-1.3e-09,-7e-10
0.0119530228304,-6e-10,-5e-10
0.0120553666003,-8e-10,-7e-10
0.0121585866547,-8e-10,-5e-10
0.0122626904963,-1e-09,-5e-10
0.0123676856923,-8e-10,-8e-10
0.0124735798747,-8e-10,-5e-10
0.0125803807407,-1e-09,-5e-10
0.0126880960534,-7e-10,-8e-10
0.0127967336426,-8e-10,-6e-10
0.0129063014049,-8e-10,-7e-10
0.0130168073046,-9e-10,-8e-10
0.0131282593742,-9e-10,-2e-10
0.0132406657149,-7e-10,-5e-10
0.0133540344975,-1.1e-09,-3e-10
0.0134683739624,-9e-10,-5e-10
0.0135836924208,-9e-10,-7e-10
0.0136999982551,-9e-10,-6e-10
0.0138172999193,-9e-10,-5e-10
0.0139356059398,-8e-10,-3e-10
0.0140549249162,-8e-10,-5e-10
0.0141752655215,-8e-10,-7e-10
0.014296636503,-9e-10,-7e-10
0.0144190466831,-1e-09,-3e-10
0.0145425049596,-7e-10,-5e-10
0.0146670203063,-7e-10,-7e-10
0.0147926017741,-7e-10,-5e-10
0.0149192584914,-8e-10,-4e-10
0.0150469996646,-8e-10,-5e-10
0.0151758345789,-7e-10,-4e-10
0.0153057725992,-1e-09,-7e-10
0.0154368231704,-8e-10,-6e-10
0.0155689958184,-7e-10,-7e-10
0.0157023001507,-8e-10,-4e-10
0.0158367458568,-7e-10,-8e-10
0.0159723427094,-9e-10,-6e-10
0.0161091005648,-7e-10,-5e-10
0.0162470293637,-7e-10,-6e-10
0.0163861391319,-7e-10,-8e-10
0.0165264399812,-7e-10,-4e-10
0.0166679421096,-5e-10,-4e-10
0.0168106558028,-8e-10,-3e-10
0.0169545914344,-8e-10,-2e-10
0.0170997594668,-9e-10,-7e-10
0.017246170452,-8e-10,-5e-10
0.0173938350325,-7e-10,-6e-10
0.0175427639416,-9e-10,-8e-10
0.0176929680049,-1e-09,-7e-10
0.0178444581403,-8e-10,-6e-10
0.0179972453595,-7e-10,-9e-10
0.0181513407682,-9e-10,-6e-10
0.0183067555675,-8e-10,-6e-10
0.0184635010542,-8e-10,-6e-10
0.0186215886218,-9e-10,-8e-10
0.0187810297614,-1e-09,-6e-10
0.0189418360626,-1e-09,-4e-10
0.0191040192141,-1e-09,-5e-10
0.0192675910047,-8e-10,-3e-10
0.0194325633242,-8e-10,-8e-10
0.0195989481642,-9e-10,-6e-10
0.0197667576188,-6e-10,-5e-10
0.0199360038859,-8e-10,-5e-10
0.0201066992677,-8e-10,-5e-10
0.0202788561718,-7e-10,-4e-10
0.0204524871119,-9e-10,-6e-10
0.020627604709,-8e-10,-4e-10
0.020804221692,-7e-10,-6e-10
0.0209823508991,-9e-10,-6e-10
0.0211620052781,-8e-10,-7e-10
0.0213431978878,-6e-10,-4e-10
0.0215259418987,-1e-09,-4e-10
0.0217102505943,-7e-10,-4e-10
0.0218961373716,-5e-10,-6e-10
0.0220836157423,-7e-10,-6e-10
0.0222726993341,-6e-10,-7e-10
0.0224634018911,-7e-10,-3e-10
0.022655737275,-6e-10,-5e-10
0.0228497194666,-7e-10,-6e-10
0.0230453625659,-7e-10,-6e-10
0.0232426807939,-8e-10,-4e-10
0.0234416884935,-6e-10,-7e-10
0.0236424001301,-8e-10,-4e-10
0.0238448302931,-9e-10,-5e-10
0.0240489936969,-1e-09,-3e-10
0.0242549051817,-8e-10,-5e-10
0.0244625797149,-6e-10,-3e-10
0.0246720323919,-8e-10,-5e-10
0.0248832784377,-8e-10,-8e-10
0.0250963332072,-7e-10,-9e-10
0.0253112121871,-8e-10,-3e-10
0.0255279309966,-8e-10,-3e-10
0.0257465053886,-8e-10,-5e-10
0.0259669512508,-7e-10,-7e-10
0.0261892846073,-8e-10,-8e-10
0.0264135216189,-7e-10,-6e-10
0.0266396785851,-8e-10,-6e-10
0.0268677719449,-7e-10,-6e-10
0.027097818278,-9e-10,-7e-10
0.027329834306,-5e-10,-5e-10
0.0275638368939,-6e-10,-8e-10
0.0277998430508,-7e-10,-6e-10
0.0280378699318,-9e-10,-5e-10
0.0282779348385,-8e-10,-6e-10
0.0285200552208,-7e-10,-3e-10
0.0287642486782,-7e-10,-7e-10
0.0290105329605,-6e-10,-5e-10
0.0292589259699,-8e-10,-8e-10
0.0295094457615,-9e-10,-5e-10
0.0297621105453,-5e-10,-3e-10
0.0300169386869,-8e-10,-4e-10
0.0302739487095,-8e-10,-2e-10
0.0305331592947,-7e-10,-6e-10
0.030794589284,-6e-10,-3e-10
0.0310582576804,-6e-10,-6e-10
0.0313241836495,-8e-10,-6e-10
0.0315923865209,-6e-10,-8e-10
0.03186288579,-8e-10,-5e-10
0.0321357011188,-8e-10,-6e-10
0.0324108523378,-9e-10,-4e-10
0.0326883594473,-6e-10,-2e-10
0.0329682426189,-7e-10,-7e-10
0.0332505221968,-5e-10,-7e-10
0.0335352186993,-7e-10,-7e-10
0.0338223528207,-8e-10,-3e-10
0.0341119454322,-7e-10,-3e-10
0.0344040175838,-7e-10,-3e-10
0.0346985905057,-8e-10,-3e-10
0.03499568561,-7e-10,-7e-10
0.035295324492,-7e-10,-4e-10
0.035597528932,-8e-10,-6e-10
0.0359023208967,-6e-10,-5e-10
0.0362097225408,-7e-10,-5e-10
0.036519756209,-7e-10,-5e-10
0.0368324444371,-8e-10,-7e-10
0.0371478099537,-1e-09,-4e-10
0.0374658756824,-7e-10,-6e-10
0.0377866647428,-7e-10,-8e-10
0.0381102004524,-9e-10,-6e-10
0.0384365063286,-9e-10,-6e-10
0.0387656060901,-8e-10,-6e-10
0.0390975236584,-7e-10,-3e-10
0.0394322831601,-6e-10,-6e-10
0.0397699089285,-6e-10,-6e-10
0.0401104255048,-1e-09,-4e-10
0.0404538576406,-4e-10,-3e-10
0.0408002302996,-7e-10,-4e-10
0.0411495686589,-7e-10,-3e-10
0.0415018981113,-5e-10,-4e-10
0.0418572442671,-8e-10,-3e-10
0.0422156329558,-7e-10,-6e-10
0.0425770902281,-7e-10,-1e-10
0.0429416423577,-8e-10,-4e-10
0.0433093158433,-7e-10,-4e-10
0.0436801374104,-9e-10,-5e-10
0.0440541340135,-7e-10,-4e-10
0.0444313328377,-6e-10,-9e-10
0.044811761301,-7e-10,-8e-10
0.045195447056,-6e-10,-3e-10
0.0455824179924,-7e-10,-4e-10
0.0459727022382,-4e-10,-4e-10
0.0463663281628,-8e-10,-2e-10
0.0467633243779,-5e-10,-7e-10
0.0471637197407,-8e-10,-3e-10
0.0475675433552,-7e-10,-5e-10
0.0479748245747,-4e-10,-3e-10
0.0483855930037,-6e-10,-4e-10
0.0487998785003,-8e-10,-5e-10
0.0492177111783,-8e-10,-4e-10
0.0496391214092,-5e-10,-6e-10
0.0500641398246,-8e-10,-5e-10
0.0504927973184,-6e-10,-5e-10
0.0509251250489,-8e-10,-5e-10
0.0513611544414,-6e-10,-6e-10
0.0518009171901,-4e-10,-7e-10
0.0522444452606,-1e-09,-4e-10
0.0526917708922,-7e-10,-4e-10
0.0531429266003,-5e-10,-6e-10
0.0535979451786,-7e-10,-5e-10
0.0540568597017,-5e-10,-7e-10
0.0545197035273,-6e-10,-5e-10
0.0549865102987,-5e-10,-3e-10
0.0554573139474,-6e-10,-7e-10
0.0559321486952,-5e-10,-9e-10
0.0564110490571,-6e-10,-4e-10
0.0568940498436,-5e-10,-7e-10
0.0573811861631,-8e-10,-4e-10
0.0578724934249,-5e-10,-5e-10
0.0583680073412,-6e-10,-6e-10
0.05886776393,-7e-10,-5e-10
0.059371799518,-5e-10,-5e-10
0.0598801507424,-7e-10,-8e-10
0.0603928545546,-5e-10,-2e-10
0.0609099482222,-8e-10,-5e-10
0.0614314693318,-7e-10,-6e-10
0.0619574557918,-7e-10,-4e-10
0.0624879458354,-5e-10,-7e-10
0.0630229780231,-5e-10,-7e-10
0.0635625912453,-5e-10,-6e-10
0.0641068247257,-5e-10,-5e-10
0.0646557180237,-7e-10,-5e-10
0.0652093110375,-3e-10,-4e-10
0.0657676440067,-3e-10,-4e-10
0.0663307575157,-6e-10,-6e-10
0.0668986924962,-7e-10,-6e-10
0.0674714902305,-5e-10,-8e-10
0.0680491923543,-7e-10,-6e-10
0.0686318408598,-6e-10,-4e-10
0.0692194780987,-7e-10,-5e-10
0.0698121467855,-7e-10,-6e-10
0.0704098900001,-4e-10,-4e-10
0.0710127511915,-1e-10,-4e-10
0.0716207741808,-4e-10,4e-10
0.0722340031641,-1e-10,-2e-10
0.0728524827159,-3e-10,-4e-10
0.0734762577925,-6e-10,-4e-10
0.0741053737351,-4e-10,-5e-10
0.0747398762731,-5e-10,-4e-10
0.0753798115274,-5e-10,-6e-10
0.0760252260137,-6e-10,-5e-10
0.0766761666463,-5e-10,-7e-10
0.0773326807408,-6e-10,-6e-10
0.0779948160183,-5e-10,-6e-10
0.0786626206081,-6e-10,-6e-10
0.079336143052,-6e-10,-9e-10
0.080015432307,-4e-10,-3e-10
0.0807005377497,-3e-10,-6e-10
0.0813915091791,-5e-10,-5e-10
0.0820883968208,-8e-10,-7e-10
0.0827912513305,-5e-10,-5e-10
0.0835001237974,-4e-10,-8e-10
0.0842150657483,-6e-10,-6e-10
0.0849361291511,-7e-10,-4e-10
0.0856633664188,-5e-10,-6e-10
0.0863968304129,-4e-10,-7e-10
0.0871365744477,-5e-10,-7e-10
0.087882652294,-4e-10,-5e-10
0.088635118183,-3e-10,-7e-10
0.0893940268101,-3e-10,-6e-10
0.090159433339,-4e-10,-7e-10
0.0909313934061,-3e-10,-4e-10
0.0917099631236,-6e-10,-5e-10
0.0924951990846,-4e-10,-5e-10
0.0932871583665,-2e-10,-8e-10
0.0940858985356,-5e-10,-6e-10
0.0948914776508,-3e-10,-5e-10
0.0957039542684,-6e-10,-5e-10
0.096523387446,-6e-10,-6e-10
0.0973498367468,-4e-10,-5e-10
0.098183362244,-6e-10,-8e-10
0.0990240245252,-4e-10,-4e-10
0.0998718846966,-5e-10,-5e-10
0.100727004388,-6e-10,-7e-10
0.101589445756,-6e-10,-4e-10
0.102459271491,-5e-10,-3e-10
0.103336544819,-7e-10,-8e-10
0.104221329506,-1e-09,-8e-10
0.105113689868,-4e-10,-5e-10
0.106013690767,-3e-10,-5e-10
0.106921397623,-3e-10,-3e-10
0.107836876417,-5e-10,-7e-10
0.108760193693,-7e-10,-4e-10
0.109691416564,-2e-10,-7e-10
0.110630612721,-2e-10,-4e-10
0.111577850431,-3e-10,-8e-10
0.112533198549,-4e-10,-5e-10
0.113496726515,-5e-10,-3e-10
0.114468504369,-2e-10,-5e-10
0.115448602746,-3e-10,-5e-10
0.116437092889,-6e-10,-4e-10
0.117434046648,-6e-10,-5e-10
0.118439536492,-4e-10,-5e-10
0.119453635507,-5e-10,-2e-10
0.120476417406,-4e-10,-8e-10
0.121507956534,-6e-10,-5e-10
0.122548327872,-3e-10,-7e-10
0.123597607042,-2e-10,-7e-10
0.124655870315,-6e-10,-4e-10
0.125723194614,-8e-10,-4e-10
0.126799657522,-2e-10,-4e-10
0.127885337283,-4e-10,-5e-10
0.128980312816,-2e-10,-5e-10
0.130084663711,-5e-10,-6e-10
0.131198470243,-3e-10,-4e-10
0.132321813371,-4e-10,-5e-10
0.13345477475,-1e-10,-6e-10
0.134597436733,-7e-10,-5e-10
0.135749882377,-2e-10,-7e-10
0.136912195453,-2e-10,-6e-10
0.138084460447,-2e-10,-5e-10
0.139266762569,-2e-10,-5e-10
0.140459187758,-1e-10,-6e-10
0.141661822691,-2e-10,-6e-10
0.142874754783,-1e-10,-6e-10
0.144098072202,0.0,-6e-10
0.145331863868,-5e-10,-7e-10
0.146576219464,-2e-10,-5e-10
0.147831229439,0.0,-3e-10
0.149096985018,-2e-10,-4e-10
0.150373578208,-4e-10,-7e-10
0.1516611018,-5e-10,-7e-10
0.152959649384,-2e-10,-6e-10
0.154269315348,-4e-10,-6e-10
0.15559019489,-3e-10,-4e-10
0.156922384022,-1e-10,-7e-10
0.15826597958,1e-10,-5e-10
0.159621079226,-4e-10,-5e-10
0.16098778146,-4e-10,-6e-10
0.162366185627,-6e-10,-4e-10
0.163756391919,-2e-10,-4e-10
0.165158501389,-1e-10,-5e-10
0.166572615954,-4e-10,-4e-10
0.167998838402,-2e-10,-8e-10
0.169437272405,0.0,-5e-10
0.170888022518,-1e-10,-7e-10
0.172351194196,-3e-10,-6e-10
0.173826893792,1e-10,-3e-10
0.175315228575,-1e-10,-8e-10
0.176816306727,1e-10,-4e-10
0.17833023736,-1e-10,-4e-10
0.179857130519,-1e-10,-9e-10
0.181397097191,-1e-10,-3e-10
0.182950249314,-2e-10,-9e-10
0.184516699784,0.0,-5e-10
0.186096562464,-1e-10,-5e-10
0.18768995219,3e-10,-6e-10
0.189296984785,-2e-10,-5e-10
0.190917777059,-2e-10,-5e-10
0.192552446827,-2e-10,-4e-10
0.19420111291,-2e-10,-5e-10
0.195863895146,-2e-10,-6e-10
0.197540914399,-2e-10,-3e-10
0.199232292571,0.0,-7e-10
0.200938152604,-1e-10,-3e-10
0.202658618494,-3e-10,-6e-10
0.2043938153,0.0,-5e-10
0.206143869149,-3e-10,-8e-10
0.207908907251,-3e-10,-5e-10
0.209689057902,-4e-10,-6e-10
0.211484450499,-1e-10,-5e-10
0.213295215547,0.0,-4e-10
0.215121484666,-3e-10,-4e-10
0.216963390604,3e-10,-5e-10
0.218821067249,-1e-10,-5e-10
0.220694649629,3e-10,-6e-10
0.222584273934,-1e-10,-8e-10
0.224490077516,-2e-10,-4e-10
0.226412198905,2e-10,-4e-10
0.228350777818,-2e-10,-6e-10
0.230305955166,-5e-10,-6e-10
0.232277873067,1e-10,-6e-10
0.234266674858,-2e-10,-7e-10
0.2362725051,-2e-10,-5e-10
0.238295509595,3e-10,-5e-10
0.24033583539,0.0,-7e-10
0.242393630795,-1e-10,-7e-10
0.244469045386,0.0,-8e-10
0.246562230022,3e-10,-4e-10
0.248673336853,2e-10,-5e-10
0.250802519332,0.0,-7e-10
0.252949932226,2e-10,-9e-10
0.255115731626,2e-10,-4e-10
0.25730007496,0.0,-6e-10
0.259503121006,2e-10,-5e-10
0.261725029899,0.0,-7e-10
0.263965963145,1e-10,-4e-10
0.266226083634,-1e-10,-7e-10
0.268505555651,4e-10,-6e-10
0.270804544887,3e-10,-1.1e-09
0.273123218451,1e-10,-7e-10
0.275461744884,2e-10,-7e-10
0.277820294169,7e-10,-9e-10
0.280199037745,2e-10,-8e-10
0.28259814852,-2e-10,-9e-10
0.28501780088,3e-10,-4e-10
0.287458170706,0.0,-1.2e-09
0.289919435385,7e-10,-7e-10
0.292401773821,1e-10,-7e-10
0.294905366452,7e-10,-1.1e-09
0.29743039526,6e-10,-9e-10
0.299977043784,7e-10,-9e-10
0.302545497137,2e-10,-1.3e-09
0.305135942014,-3e-10,-1.1e-09
0.307748566712,-1e-10,-9e-10
0.310383561136,6e-10,-1.1e-09
0.313041116822,6e-10,-1.4e-09
0.315721426941,8e-10,-1.6e-09
0.318424686321,4e-10,-1e-09
0.321151091458,0.0,-1.5e-09
0.323900840529,7e-10,-1.8e-09
0.32667413341,0.0,-1.9e-09
0.329471171685,4e-10,-1.9e-09
0.332292158667,1e-10,-2.3e-09
0.335137299409,9e-10,-2.6e-09
0.33800680072,5e-10,-2.6e-09
0.340900871178,7e-10,-2.7e-09
0.343819721148,4e-10,-3e-09
0.346763562798,3e-10,-3.7e-09
0.34973261011,3e-10,-3.4e-09
0.352727078899,4e-10,-4.1e-09
0.355747186827,2e-10,-4.5e-09
0.358793153422,2e-10,-5.1e-09
0.36186520009,2e-10,-5.4e-09
0.364963550133,1.2e-09,-6.3e-09
0.368088428764,4e-10,-6.9e-09
0.371240063125,1e-09,-7.5e-09
0.374418682305,3e-10,-8.8e-09
0.37762451735,1.1e-09,-9.8e-09
0.380857801289,1e-09,-1.11e-08
0.384118769143,8e-10,-1.22e-08
0.387407657945,1.3e-09,-1.41e-08
0.390724706761,4e-10,-1.57e-08
0.394070156701,3e-10,-1.74e-08
0.397444250939,1.1e-09,-2.02e-08
0.400847234734,1e-09,-2.31e-08
0.404279355442,7e-10,-2.58e-08
0.407740862539,1.2e-09,-2.91e-08
0.411232007635,1.1e-09,-3.31e-08
0.414753044496,6e-10,-3.86e-08
0.418304229061,1.3e-09,-4.4e-08
0.421885819458,5e-10,-5.01e-08
0.425498076029,1.3e-09,-5.72e-08
0.429141261341,7e-10,-6.52e-08
0.432815640212,1.7e-09,-7.59e-08
0.436521479726,1.5e-09,-8.64e-08
0.440259049254,1.6e-09,-1.005e-07
0.444028620475,1.7e-09,-1.145e-07
0.447830467391,2.2e-09,-1.33e-07
0.451664866353,2.2e-09,-1.518e-07
0.455532096077,2.4e-09,-1.752e-07
0.459432437665,2.8e-09,-1.98e-07
0.463366174627,2.4e-09,-2.49e-07
0.467333592899,3.4e-09,-2.9e-07
0.471334980867,4.3e-09,-3.38e-07
0.475370629383,4.6e-09,-3.94e-07
0.479440831794,4.4e-09,-4.6e-07
0.483545883955,4.9e-09,-5.36e-07
0.487686084255,6.3e-09,-6.26e-07
0.491861733639,6.5e-09,-7.4e-07
0.496073135628,7.6e-09,-8.6e-07
0.500320596341,7.7e-09,-1.019e-06
0.504604424519,9.7e-09,-1.183e-06
0.508924931547,1.24e-08,-1.397e-06
0.513282431475,1.29e-08,-1.647e-06
0.517677241042,1.42e-08,-1.896e-06
0.5221096797,1.66e-08,-2.28e-06
0.526580069635,1.98e-08,-2.66e-06
0.531088735792,2.27e-08,-3.11e-06
0.535636005899,2.55e-08,-3.62e-06
0.540222210489,2.94e-08,-4.21e-06
0.544847682926,3.4e-08,-4.96e-06
0.549512759427,3.84e-08,-5.72e-06
0.554217779089,4.48e-08,-6.57e-06
0.558963083913,5.22e-08,-7.64e-06
0.563749018825,5.61e-08,-8.7e-06
0.568575931709,6.48e-08,-1.001e-05
0.573444173424,7.44e-08,-1.145e-05
0.578354097834,8.38e-08,-1.306e-05
0.583306061833,9.38e-08,-1.478e-05
0.588300425373,1.047e-07,-1.664e-05
0.593337551483,1.159e-07,-1.863e-05
0.598417806306,1.297e-07,-2.11e-05
0.603541559115,1.428e-07,-2.34e-05
0.608709182349,1.551e-07,-2.58e-05
0.613921051632,1.711e-07,-2.86e-05
0.619177545807,1.834e-07,-3.12e-05
0.624479046959,2.05e-07,-3.48e-05
0.629825940447,2.23e-07,-3.8e-05
0.635218614926,2.4e-07,-4.1e-05
0.640657462381,2.59e-07,-4.44e-05
0.646142878152,2.77e-07,-4.79e-05
0.651675260966,2.97e-07,-5.15e-05
0.657255012962,3.19e-07,-5.55e-05
0.662882539723,3.39e-07,-5.93e-05
0.668558250305,3.6e-07,-6.31e-05
0.674282557264,3.84e-07,-6.73e-05
0.680055876692,4.04e-07,-7.13e-05
0.685878628241,4.28e-07,-7.57e-05
0.691751235158,4.51e-07,-8.01e-05
0.697674124312,4.75e-07,-8.43e-05
0.703647726228,4.98e-07,-8.88e-05
0.709672475118,5.24e-07,-9.35e-05
0.71574880891,5.5e-07,-9.83e-05
0.721877169282,5.77e-07,-0.0001034
0.728058001696,6.01e-07,-0.0001083
0.734291755425,6.3e-07,-0.0001135
0.740578883591,6.55e-07,-0.0001185
0.746919843194,6.86e-07,-0.0001238
0.753315095147,7.12e-07,-0.0001292
0.759765104312,7.41e-07,-0.0001346
0.766270339529,7.7e-07,-0.0001401
0.772831273651,7.98e-07,-0.0001456
0.779448383583,8.26e-07,-0.0001509
0.786122150311,8.54e-07,-0.0001563
0.79285305894,8.84e-07,-0.0001621
0.799641598729,9.13e-07,-0.0001675
0.806488263124,9.44e-07,-0.0001734
0.813393549799,9.72e-07,-0.0001793
0.820357960687,1.004e-06,-0.0001852
0.82738200202,1.035e-06,-0.0001911
0.834466184363,1.068e-06,-0.0001971
0.841611022654,1.102e-06,-0.000202
0.848817036239,1.136e-06,-0.000208
0.856084748911,1.169e-06,-0.000214
0.863414688948,1.203e-06,-0.000221
0.870807389152,1.238e-06,-0.000227
0.878263386884,1.273e-06,-0.000234
0.885783224109,1.307e-06,-0.000241
0.893367447431,1.34e-06,-0.000247
0.901016608135,1.376e-06,-0.000254
0.908731262225,1.412e-06,-0.00026
0.916511970468,1.444e-06,-0.000268
0.924359298428,1.48e-06,-0.000274
0.932273816516,1.517e-06,-0.000281
0.940256100025,1.554e-06,-0.000288
0.948306729173,1.588e-06,-0.000296
0.956426289147,1.627e-06,-0.000303
0.964615370144,1.663e-06,-0.00031
0.972874567415,1.704e-06,-0.000318
0.981204481307,1.74e-06,-0.000325
0.989605717308,1.781e-06,-0.000333
0.998078886089,1.821e-06,-0.000341
1.00662460355,1.862e-06,-0.000349
1.01524349087,1.904e-06,-0.000357
1.02393617453,1.943e-06,-0.000365
1.0327032864,1.99e-06,-0.000375
1.04154546373,2.02e-06,-0.000383
1.05046334926,2.06e-06,-0.000392
1.05945759121,2.11e-06,-0.0004
1.06852884336,2.15e-06,-0.000408
1.07767776507,2.19e-06,-0.000416
1.08690502138,2.23e-06,-0.000425
1.09621128299,2.28e-06,-0.000434
1.10559722636,2.32e-06,-0.000443
1.11506353373,2.37e-06,-0.000451
1.12461089321,2.41e-06,-0.00046
1.13423999877,2.45e-06,-0.000469
1.14395155033,2.5e-06,-0.000479
1.15374625381,2.54e-06,-0.000488
1.16362482117,2.59e-06,-0.000497
1.17358797046,2.64e-06,-0.000506
1.1836364259,2.68e-06,-0.000515
1.19377091789,2.73e-06,-0.000525
1.20399218308,2.78e-06,-0.000534
1.21430096445,2.83e-06,-0.000543
1.22469801132,2.87e-06,-0.000553
1.23518407943,2.92e-06,-0.000563
1.245759931,2.98e-06,-0.000573
1.25642633477,3.03e-06,-0.000583
1.26718406607,3.07e-06,-0.000593
1.27803390685,3.13e-06,-0.000604
1.28897664577,3.18e-06,-0.000614
1.30001307824,3.23e-06,-0.000624
1.31114400649,3.28e-06,-0.000635
1.32237023959,3.34e-06,-0.000645
1.33369259357,3.39e-06,-0.000656
1.34511189142,3.44e-06,-0.000666
1.35662896321,3.49e-06,-0.000677
1.36824464608,3.55e-06,-0.000688
1.37995978436,3.6e-06,-0.0007
1.3917752296,3.66e-06,-0.000711
1.40369184065,3.72e-06,-0.000722
1.4157104837,3.77e-06,-0.000733
1.42783203238,3.84e-06,-0.000745
1.44005736777,3.89e-06,-0.000756
1.45238737852,3.95e-06,-0.000768
1.46482296087,4.01e-06,-0.00078
1.47736501875,4.07e-06,-0.000792
1.49001446381,4.13e-06,-0.000804
1.50277221553,4.19e-06,-0.000817
1.51563920124,4.25e-06,-0.000829
1.52861635622,4.32e-06,-0.000842
1.54170462376,4.38e-06,-0.000854
1.55490495522,4.44e-06,-0.000867
1.56821831012,4.5e-06,-0.000879
1.58164565618,4.57e-06,-0.000892
1.59518796941,4.63e-06,-0.000905
1.60884623417,4.7e-06,-0.000919
1.62262144327,4.76e-06,-0.000932
1.63651459801,4.83e-06,-0.000945
1.65052670824,4.9e-06,-0.000959
1.6646587925,4.96e-06,-0.000972
1.67891187801,5.03e-06,-0.000986
1.69328700081,5.1e-06,-0.000999
1.70778520581,5.16e-06,-0.001013
1.72240754684,5.23e-06,-0.001027
1.73715508679,5.3e-06,-0.00104
1.75202889764,5.37e-06,-0.001055
1.76703006052,5.45e-06,-0.00107
1.78215966586,5.51e-06,-0.001084
1.7974188134,5.59e-06,-0.001099
1.8128086123,5.66e-06,-0.001114
1.82833018121,5.74e-06,-0.001129
1.84398464838,5.81e-06,-0.001143
1.8597731517,5.88e-06,-0.001159
1.87569683881,5.96e-06,-0.001174
1.89175686719,6.04e-06,-0.00119
1.90795440419,6.12e-06,-0.001205
1.92429062721,6.19e-06,-0.001221
1.94076672368,6.27e-06,-0.001237
1.95738389123,6.35e-06,-0.001252
1.97414333773,6.43e-06,-0.001267
1.99104628141,6.5e-06,-0.001284
2.00809395089,6.6e-06,-0.001302
2.02528758537,6.68e-06,-0.001319
2.0426284346,6.77e-06,-0.001336
2.06011775906,6.85e-06,-0.001353
2.07775683003,6.93e-06,-0.00137
2.09554692966,7.02e-06,-0.001387
2.11348935109,7.1e-06,-0.001403
2.13158539851,7.19e-06,-0.001421
2.1498363873,7.28e-06,-0.001439
2.16824364409,7.35e-06,-0.001456
2.18680850687,7.45e-06,-0.001474
2.2055323251,7.54e-06,-0.001493
2.22441645978,7.64e-06,-0.00151
2.24346228356,7.73e-06,-0.001529
2.26267118085,7.82e-06,-0.001548
2.28204454791,7.91e-06,-0.001567
2.30158379297,8e-06,-0.001586
2.32129033629,8.1e-06,-0.001604
2.34116561032,8.19e-06,-0.001623
2.36121105975,8.29e-06,-0.001642
2.38142814165,8.38e-06,-0.00166
2.40181832557,8.48e-06,-0.00168
2.42238309363,8.57e-06,-0.001699
2.44312394067,8.67e-06,-0.001719
2.46404237428,8.77e-06,-0.001739
2.485139915,8.87e-06,-0.00176
2.50641809638,8.98e-06,-0.001781
2.52787846508,9.08e-06,-0.001802
2.54952258103,9.19e-06,-0.001824
2.57135201751,9.29e-06,-0.001844
2.59336836125,9.4e-06,-0.001864
2.61557321259,9.51e-06,-0.001886
2.63796818555,9.61e-06,-0.001907
2.66055490801,9.72e-06,-0.001928
2.68333502174,9.82e-06,-0.001949
2.70631018259,9.93e-06,-0.001971
2.72948206059,1.004e-05,-0.001993
2.75285234006,1.018e-05,-0.00201
2.77642271976,1.03e-05,-0.00203
2.80019491297,1.041e-05,-0.00205
2.82417064765,1.053e-05,-0.00207
2.84835166656,1.064e-05,-0.0021
2.87273972737,1.076e-05,-0.00212
2.89733660282,1.087e-05,-0.00214
2.92214408081,1.099e-05,-0.00217
2.94716396456,1.111e-05,-0.00219
2.97239807271,1.124e-05,-0.00222
2.99784823949,1.137e-05,-0.00224
3.02351631483,1.15e-05,-0.00227
3.04940416451,1.163e-05,-0.00229
3.07551367026,1.176e-05,-0.00232
3.10184672994,1.188e-05,-0.00234
3.12840525766,1.201e-05,-0.00237
3.15519118391,1.214e-05,-0.00239
3.18220645572,1.227e-05,-0.00242
3.20945303678,1.241e-05,-0.00245
3.2369329076,1.255e-05,-0.00247
3.26464806565,1.269e-05,-0.0025
3.29260052549,1.282e-05,-0.00253
3.32079231894,1.295e-05,-0.00256
3.34922549521,1.309e-05,-0.00258
3.37790212108,1.323e-05,-0.00261
3.40682428098,1.337e-05,-0.00264
3.43599407723,1.35e-05,-0.00267
3.46541363012,1.365e-05,-0.00269
3.49508507812,1.38e-05,-0.00272
3.525010578,1.395e-05,-0.00275
3.55519230498,1.41e-05,-0.00278
3.58563245293,1.426e-05,-0.00281
3.6163332345,1.44e-05,-0.00284
3.64729688126,1.455e-05,-0.00287
3.67852564391,1.472e-05,-0.0029
3.71002179243,1.486e-05,-0.00293
3.74178761621,1.503e-05,-0.00296
3.77382542426,1.518e-05,-0.00299
3.80613754535,1.534e-05,-0.00303
3.83872632819,1.55e-05,-0.00306
3.87159414162,1.566e-05,-0.00309
3.90474337473,1.582e-05,-0.00312
3.9381764371,1.598e-05,-0.00315
3.9718957589,1.614e-05,-0.00318
4.00590379114,1.634e-05,-0.00322
4.04020300582,1.65e-05,-0.00325
4.07479589608,1.668e-05,-0.00329
4.10968497642,1.685e-05,-0.00332
4.14487278286,1.702e-05,-0.00335
4.18036187317,1.719e-05,-0.00339
4.21615482696,1.738e-05,-0.00342
4.25225424598,1.756e-05,-0.00346
4.28866275424,1.774e-05,-0.00349
4.32538299819,1.793e-05,-0.00353
4.36241764699,1.811e-05,-0.00357
4.39976939261,1.832e-05,-0.0036
4.43744095008,1.85e-05,-0.00364
4.4754350577,1.869e-05,-0.00368
4.51375447719,1.891e-05,-0.00371
4.55240199393,1.907e-05,-0.00375
4.59138041713,1.928e-05,-0.00379
4.63069258008,1.946e-05,-0.00382
4.6703413403,1.967e-05,-0.00386
4.71032957981,1.97e-05,-0.00392
4.75066020527,1.99e-05,-0.00396
4.79133614826,2.01e-05,-0.004
4.83236036544,2.03e-05,-0.00404
4.8737358388,2.05e-05,-0.00408
4.91546557583,2.07e-05,-0.00412
4.95755260982,2.09e-05,-0.00416
5.0,2.12e-05,-0.0042
